[
  {
    "operation": "LAST DISCHARGE",
    "departureport": "SINT NICHOLLAS",
    "arrivalport": "SAN FERNADO",
    "voyagestart": "2023-05-03",
    "voyageend": "2023-05-03",
    "totaldistance": "0",
    "totalhsfocons": "0",
    "totalvlsfocons": "0",
    "totallsmgocons": "0",
    "cargoonboard": "-",
    "approvestatus": "Verify",
    "rejectstatus": "Reject"
  },
  {
    "operation": "LOADING",
    "departureport": "SAN FERNADO",
    "arrivalport": "SANKT STEFAN OB",
    "voyagestart": "2023-08-09",
    "voyageend": "2023-08-09",
    "totaldistance": "0",
    "totalhsfocons": "0",
    "totalvlsfocons": "0",
    "totallsmgocons": "0",
    "cargoonboard": "20000",
    "approvestatus": "Verify",
    "rejectstatus": "Reject"
  },
  {
    "operation": "FINAL DISCHARGE",
    "departureport": "SKANKT STEFAN",
    "arrivalport": "-",
    "voyagestart": "2023-03-01",
    "voyageend": "-",
    "totaldistance": "0",
    "totalhsfocons": "0",
    "totalvlsfocons": "0",
    "totallsmgocons": "0",
    "cargoonboard": "0",
    "approvestatus": "Verify",
    "rejectstatus": "Reject"
  }
]